chr2:61590980:61591051:1	chr8:108312337:108312429:-1
chr2:61607017:61607124:1	chr8:108310805:108310885:-1
chr8:108313257:108313348:-1	chr2:61627739:61627801:1
chr13:113043519:113043650:-1	chr12:100109998:100110448:-1
chr13:113023289:113023399:-1	chr12:100109998:100110448:-1
chr13:113023969:113024097:-1	chr12:100109998:100110448:-1
chr13:113045429:113045531:-1	chr12:100109998:100110448:-1
chr13:113046350:113046448:-1	chr12:100109998:100110448:-1
chr13:113035299:113035424:-1	chr12:100109998:100110448:-1
chr13:81039569:81039761:1	
chr13:81039181:81039343:1	
chr13:113011130:113011186:-1	chr12:100109998:100110448:-1
chr9:75118300:75118450:1	chr8:124086081:124086250:1
chr9:69371759:69371806:1	chr3:20113063:20113270:1
chr8:80433863:80433948:-1	chr18:35041095:35041250:-1
chr8:80433863:80433948:-1	chr18:35039035:35039182:-1
chr5:100947418:100947479:1	chr3:8965046:8965227:-1
chr5:100947418:100947479:1	chr11:88096015:88096185:1
chr13:38241113:38241232:1	chr7:12659664:12659792:1
chr13:38241113:38241232:1	chr10:128461932:128462109:-1
chr13:38236245:38236348:1	chr7:12659664:12659792:1
chr13:113041520:113041599:-1	chr12:100109998:100110448:-1
chr9:123648112:123648256:-1	chr8:122320229:122320389:1
chr9:123648112:123648256:-1	chr2:155118878:155118933:1
chr9:123648112:123648256:-1	chr2:155119018:155119124:1
chr12:69353964:69354073:1	chr14:29695318:29695404:1
chr12:69355732:69355819:1	chr14:29695318:29695404:1
chr12:69349098:69349215:1	chr14:29695318:29695404:1
chr4:9484472:9484607:-1	chr8:13096046:13096159:1
chr4:9531915:9532065:-1	chr8:13096046:13096159:1
chr4:9474898:9475031:-1	chr8:13096046:13096159:1
chr4:9508627:9508764:-1	chr8:13096046:13096159:1
chr4:9514589:9514678:-1	chr8:13096046:13096159:1
chr4:9529886:9530022:-1	chr8:13096046:13096159:1
chr4:9475390:9475481:-1	chr8:13096046:13096159:1
chr4:9517636:9517734:-1	chr8:13096046:13096159:1
chr12:69351318:69351401:1	chr14:29695318:29695404:1
chr8:80412574:80412685:-1	chr15:79965816:79965984:-1
chr8:80412574:80412685:-1	chr4:86774383:86774593:-1
chr5:100949774:100949857:1	chr11:88100679:88100756:1
chr5:100949774:100949857:1	chr3:8965046:8965227:-1
chr5:100949774:100949857:1	chr11:88096015:88096185:1
chr16:91896482:91896621:1	chr4:125944273:125944321:1
chr16:91896482:91896621:1	chr5:100951836:100951927:1
chr16:91896482:91896621:1	chr5:100949774:100949857:1
chr12:110517496:110517555:1	chr14:67917611:67917779:-1
chr12:69350655:69350736:1	chr14:29695318:29695404:1
chr4:62333412:62333491:1	chr3:95751498:95751664:-1
chr4:62333412:62333491:1	chr3:95742666:95742779:-1
chr4:62333412:62333491:1	chr3:95739873:95739934:-1
chr4:62333639:62333732:1	chr3:95747982:95748061:-1
chr4:62333639:62333732:1	chr3:95751498:95751664:-1
chr4:62333639:62333732:1	chr3:95742666:95742779:-1
chr4:62333639:62333732:1	chr3:95739873:95739934:-1
chr4:123030665:123030691:-1	chr8:3665994:3666158:-1
chr2:127442749:127442806:1	chr11:88096015:88096185:1
chr4:62340415:62340537:1	chr3:95747982:95748061:-1
chr4:62340415:62340537:1	chr3:95751498:95751664:-1
chr4:62340415:62340537:1	chr3:95742666:95742779:-1
chr4:62340415:62340537:1	chr3:95739873:95739934:-1
chr2:127438820:127438854:1	chr11:88096015:88096185:1
chr16:20537741:20537834:1	chr17:46558655:46558726:-1
	chr8:111474875:111475036:-1
chr4:62340840:62340958:1	chr3:95747982:95748061:-1
chr4:62340840:62340958:1	chr3:95751498:95751664:-1
chr4:62340840:62340958:1	chr3:95742666:95742779:-1
chr4:62340840:62340958:1	chr3:95739873:95739934:-1
chr4:62340840:62340958:1	chr3:95741065:95741148:-1
chr4:62340652:62340759:1	chr3:95751498:95751664:-1
chr4:62340652:62340759:1	chr3:95742666:95742779:-1
chr4:62340652:62340759:1	chr3:95739873:95739934:-1
chr12:100081097:100081221:1	chr16:20481372:20481490:1
	
	chr8:111474875:111475036:-1
chr11:107386514:107386591:1	chr7:140477521:140477712:1
chr11:107386514:107386591:1	chr7:140477330:140477410:1
chr12:69346990:69347069:1	chr14:29695318:29695404:1
chr2:145770041:145770219:-1	chr8:3661672:3661834:-1
chr8:71321577:71321751:-1	chr18:35047053:35047228:-1
chr12:110521277:110521330:1	chr14:67917611:67917779:-1
chr2:61614177:61614251:1	chr8:108311495:108311592:-1
chr1:36558033:36558176:1	chr4:129740258:129740332:1
chr1:36558033:36558176:1	chr4:129738855:129738985:1
chr2:61594181:61594251:1	chr8:108313257:108313348:-1
chr14:45572110:45572177:1	chr2:61594181:61594251:1
chr2:61591319:61591438:1	chr8:108310805:108310885:-1
chr2:61595193:61595343:1	chr8:108310805:108310885:-1
chr12:110512205:110512335:1	chr14:67917611:67917779:-1
chr1:4852791:4852956:-1	chr19:6106959:6107109:-1
chr1:4852791:4852956:-1	
chr1:4852791:4852956:-1	chr11:115300306:115300365:1
chr4:123032659:123032757:-1	chr8:3668055:3668252:-1
chr4:123032659:123032757:-1	chr8:3666250:3666384:-1
chr14:45569363:45569415:1	chr8:108311495:108311592:-1
chr14:45569363:45569415:1	chr2:61591319:61591438:1
chr19:5432214:5432387:-1	chr2:127064051:127064174:1
chr19:5432214:5432387:-1	chr2:127059312:127059485:1
chr11:80361209:80361244:1	chr11:107386514:107386591:1
chr19:6418394:6418469:1	chr7:5078467:5078715:1
chr12:110519219:110519327:1	chr14:67917611:67917779:-1
chr8:80429633:80429730:-1	chr18:35041095:35041250:-1
chr8:111550797:111550952:-1	chr2:127068215:127068403:1
chr8:111550797:111550952:-1	chr2:127059312:127059485:1
chr8:111550797:111550952:-1	chr2:127059793:127059930:1
chr8:111550007:111550150:-1	chr2:127064051:127064174:1
chr2:145768696:145768866:-1	chr8:3661394:3661584:-1
chr8:111552134:111552289:-1	chr2:127068215:127068403:1
chr8:111552134:111552289:-1	chr2:127059312:127059485:1
chr8:111552134:111552289:-1	chr2:127059793:127059930:1
chr12:100079315:100079411:1	chr16:20480566:20480660:1
chr12:100079315:100079411:1	chr16:20480315:20480483:1
chr12:100079315:100079411:1	chr16:20479093:20479176:1
chr12:100079315:100079411:1	chr16:20478707:20478852:1
chr12:100079315:100079411:1	chr16:20481372:20481490:1
chr10:58131910:58132061:1	chr7:100277611:100277664:1
chr19:60765064:60765235:-1	chr15:51653389:51653509:-1
chr6:72314685:72314837:-1	chr2:127057969:127058121:1
chr6:72314685:72314837:-1	chr2:127058533:127058669:1
chr8:80414524:80414634:-1	chr5:115699158:115699304:1
chr1:140016396:140016578:-1	chr17:57521676:57521835:-1
chr1:140016396:140016578:-1	
chr1:140016396:140016578:-1	
chr10:58134486:58134687:1	chr7:100278873:100278978:1
chr10:58134486:58134687:1	chr7:100275759:100275817:1
chr10:58134486:58134687:1	chr7:100277611:100277664:1
chr2:127440106:127440196:1	chr11:88096015:88096185:1
chr6:91494030:91494140:1	chr3:95742666:95742779:-1
chr17:28648195:28648337:-1	chr4:148623185:148623367:1
chr13:38232856:38232968:1	chr7:12659664:12659792:1
chr2:145767428:145767619:-1	chr8:3661394:3661584:-1
chr1:37934411:37934491:1	chr11:116029268:116029447:-1
chr3:95742956:95743055:-1	chr19:5430248:5430369:-1
chr18:10626826:10627017:1	chr19:5430248:5430369:-1
chr18:10626826:10627017:1	chr19:5431009:5431144:-1
chr18:10626826:10627017:1	chr19:5430466:5430555:-1
chr3:137571281:137571394:1	chr3:95025536:95025688:1
chr3:137571772:137571901:1	chr3:95025536:95025688:1
chr13:14799788:14799845:1	chr11:30770916:30771073:1
chr13:14799788:14799845:1	chr11:80336068:80336139:1
chr14:45568287:45568384:1	chr2:61594181:61594251:1
chr14:45568287:45568384:1	chr2:61591319:61591438:1
chr1:86003521:86003726:1	chr11:98581289:98581479:1
chr19:5435840:5435897:-1	chr9:20556702:20556789:1
chr7:44806156:44806222:1	chr17:25324320:25324408:-1
	
	chr17:25324320:25324408:-1
chr7:44807865:44807926:1	chr17:25324320:25324408:-1
chr2:181507739:181507826:1	chr14:70678477:70678601:-1
chr2:181507739:181507826:1	chr14:70678744:70678895:-1
chr11:94838709:94838816:1	chr1:71676411:71676554:-1
chr11:94838709:94838816:1	chr1:71677616:71677744:-1
chr11:106147674:106147745:1	chr1:86003521:86003726:1
chr12:100082958:100083054:1	chr16:20480566:20480660:1
chr12:100082958:100083054:1	chr16:20480315:20480483:1
chr12:100082958:100083054:1	chr11:106152011:106152108:1
chr12:100082958:100083054:1	chr11:106152732:106152858:1
chr12:100082958:100083054:1	chr16:20479093:20479176:1
chr12:100082958:100083054:1	chr16:20478707:20478852:1
chr12:100082958:100083054:1	chr11:106153230:106153406:1
chr12:100082958:100083054:1	chr16:20481372:20481490:1
chr3:69000143:69000229:-1	chr4:136320276:136320441:-1
chr11:97060728:97060858:-1	chr2:167380591:167381118:1
chr13:14798183:14798256:1	chr11:30785336:30785467:1
chr13:14798183:14798256:1	chr11:30769928:30770143:1
chr13:14798183:14798256:1	chr11:30784274:30784369:1
chr19:5435491:5435546:-1	chr9:20556702:20556789:1
chr1:85999336:85999409:1	chr11:98578504:98578640:1
chr1:85999336:85999409:1	chr11:98581289:98581479:1
chr10:79874273:79874447:-1	chr14:70678744:70678895:-1
chr3:69002853:69002948:-1	chr4:136320276:136320441:-1
chr3:69001986:69002071:-1	chr4:136320276:136320441:-1
chr7:105392433:105392547:-1	chr3:51434266:51434423:-1
chr15:73082591:73082746:-1	chr6:124843567:124843634:-1
chr8:13422936:13423102:1	chr14:73440265:73440295:-1
chr8:13422466:13422617:1	chr14:73440265:73440295:-1
	chr14:73440265:73440295:-1
chr11:6368226:6368314:1	chr3:136581850:136581961:1
chr10:82590799:82590929:-1	chr17:48698904:48699077:-1
chr10:82588241:82588438:-1	chr17:48698904:48699077:-1
chr3:137630873:137630931:1	chr3:107189225:107189342:1
chr6:145177821:145177980:-1	chr17:80740926:80741581:-1
chr6:145177821:145177980:-1	chr17:80721028:80721145:-1
chr2:127067003:127067113:1	chr8:111548100:111548222:-1
chr2:127066501:127066650:1	chr8:111548100:111548222:-1
chr2:127066501:127066650:1	chr8:111550007:111550150:-1
chr18:35933163:35933268:1	chr9:44074636:44074839:-1
chr10:62294703:62294845:-1	chr8:86010622:86010835:-1
chr10:62294703:62294845:-1	chr8:86016335:86016431:-1
chr10:62294703:62294845:-1	chr8:86012970:86013152:-1
chr8:86014325:86014448:-1	chr10:62294703:62294845:-1
chr10:62300411:62300517:-1	chr8:86016335:86016431:-1
chr10:62300411:62300517:-1	chr8:86012970:86013152:-1
chr10:62300411:62300517:-1	chr8:86014325:86014448:-1
chr10:62299470:62299538:-1	chr8:86010622:86010835:-1
chr10:62299470:62299538:-1	chr8:86016335:86016431:-1
chr10:62299470:62299538:-1	chr8:86012970:86013152:-1
chr10:62299470:62299538:-1	chr8:86014325:86014448:-1
chr8:96474887:96475027:-1	chr11:3171093:3171294:1
chr11:97058376:97058520:-1	chr2:167380591:167381118:1
chr11:97056873:97056955:-1	chr2:167380591:167381118:1
chr11:97059974:97060121:-1	chr2:167380591:167381118:1
chr11:97059691:97059762:-1	chr2:167380591:167381118:1
chr11:97062348:97062539:-1	chr2:167380591:167381118:1
chr11:30787282:30787491:1	chr13:14798183:14798256:1
chr9:14419147:14419265:1	chr16:16912747:16912907:-1
chr5:146691180:146691409:-1	chr9:119731352:119731492:1
chr5:146691180:146691409:-1	
chr5:146691180:146691409:-1	chr9:119738417:119738641:1
chr6:83309436:83309529:1	chr2:163942330:163942516:1
chr6:83311058:83311191:1	chr2:163942330:163942516:1
chr6:83315263:83315426:1	chr2:163942330:163942516:1
chr11:30769004:30769071:1	chr13:14791322:14791454:1
chr11:97075753:97075935:-1	chr2:167380591:167381118:1
chr11:97068072:97068182:-1	chr2:167380591:167381118:1
chr11:97071270:97071422:-1	chr2:167380591:167381118:1
chr11:97072451:97072651:-1	chr2:167380591:167381118:1
chr11:97063879:97064103:-1	chr2:167380591:167381118:1
chr11:97069096:97069185:-1	chr2:167380591:167381118:1
chr11:30765558:30765708:1	chr13:14790597:14790673:1
chr11:30765558:30765708:1	chr13:14798183:14798256:1
chr11:30765558:30765708:1	chr13:14791322:14791454:1
chr4:148568767:148568879:1	chr15:6788969:6789138:1
chr4:148568767:148568879:1	chr15:6823926:6824049:1
chr4:148568767:148568879:1	chr15:6803290:6803455:1
chr4:148571233:148571379:1	chr15:6801613:6801713:1
chr4:148571233:148571379:1	chr15:6823926:6824049:1
chr4:148571233:148571379:1	chr15:6803290:6803455:1
chr4:148569083:148569245:1	chr15:6823926:6824049:1
chr4:148569083:148569245:1	chr15:6803290:6803455:1
chr19:38112477:38112583:-1	chr18:20799513:20799643:1
chr19:38112477:38112583:-1	chr18:20803036:20803171:1
chr19:38112744:38112880:-1	chr18:20799513:20799643:1
chr19:38112744:38112880:-1	chr18:20803036:20803171:1
chr11:105987817:105987938:1	chr11:6544148:6544286:1
chr11:105987817:105987938:1	
chr11:106005010:106005109:1	chr11:6544148:6544286:1
chr11:106005010:106005109:1	
chr15:6813413:6813642:1	chr2:34325145:34325234:1
chr5:135237897:135238018:1	chr17:32443058:32443196:-1
chr5:135237897:135238018:1	chr17:32444550:32444687:-1
chr4:148629967:148630114:1	chr17:24697085:24697136:-1
chr13:104941426:104941524:-1	chr2:127071806:127071960:1
chr5:124711141:124711216:-1	chr5:31345258:31345438:-1
chr5:124711141:124711216:-1	chr5:31347220:31347352:-1
chr8:95398690:95398786:1	chr19:6187760:6187870:-1
chr8:95398690:95398786:1	chr19:6187508:6187670:-1
chr7:35318740:35318937:1	chr10:10426423:10426700:-1
chr15:92143609:92143708:1	chr6:22973011:22973161:1
chr15:92143609:92143708:1	chr6:22972711:22972868:1
chr5:3862332:3862575:1	chr5:31354514:31354717:1
chr5:3862332:3862575:1	chr5:31355207:31355284:1
chr5:3862332:3862575:1	chr5:31354965:31355090:1
chrX:47784197:47784312:1	chr9:46202993:46203131:1
chr1:191800569:191800646:-1	chr4:136285809:136285882:-1
chr19:8770990:8771023:-1	chr18:31924893:31925073:1
chr19:8771500:8771571:-1	chr18:31924893:31925073:1
chr19:8774600:8774759:-1	chr18:31924893:31925073:1
chr19:8771844:8771894:-1	chr18:31924893:31925073:1
chr5:138182101:138182187:-1	chr7:105392635:105392699:-1
chr5:138181830:138181983:-1	chr7:105392433:105392547:-1
chr12:111075006:111075083:1	chr4:136285809:136285882:-1
chr12:111075006:111075083:1	chr4:136286484:136286618:-1
chr12:111075006:111075083:1	chr4:136288329:136288471:-1
chr12:111075006:111075083:1	chr4:136287634:136287724:-1
chr18:35933005:35933082:1	chr19:7181755:7181816:-1
chr18:35933005:35933082:1	chr9:44074636:44074839:-1
chr1:74633719:74633853:-1	chr18:35932894:35932925:1
chr1:74633719:74633853:-1	chr18:35933163:35933268:1
chr1:74633719:74633853:-1	chr18:35926518:35926581:1
chr1:74633719:74633853:-1	chr18:35933005:35933082:1
chr1:74634790:74634927:-1	chr18:35932894:35932925:1
chr1:74634790:74634927:-1	chr18:35933163:35933268:1
chr1:74634790:74634927:-1	chr18:35926518:35926581:1
chr1:74634790:74634927:-1	chr18:35933005:35933082:1
	chr1:6342925:6342995:1
chr18:32012724:32012878:1	chr12:101964796:101964948:1
chr18:32012724:32012878:1	chr12:101963514:101963714:1
chr15:92143842:92144023:1	chr6:22973011:22973161:1
chr15:92143842:92144023:1	chr6:22972711:22972868:1
chr15:92143842:92144023:1	chr6:22965726:22965792:1
chr15:92140772:92140978:1	chr6:22973011:22973161:1
chr15:92140772:92140978:1	chr6:22972711:22972868:1
chr15:92140772:92140978:1	chr6:22965726:22965792:1
chr10:126900704:126900871:1	chr7:144491624:144491839:-1
chr10:126900704:126900871:1	chr7:144491031:144491190:-1
chr10:126900454:126900589:1	chr7:144491624:144491839:-1
chr10:126900454:126900589:1	chr7:144491031:144491190:-1
chr10:126901024:126901133:1	chr7:144491624:144491839:-1
chr10:126901024:126901133:1	chr7:144491031:144491190:-1
	chr9:59465317:59465418:1
	chr9:59464571:59464681:1
	chr9:59465317:59465418:1
	chr9:59464571:59464681:1
chr13:97313564:97313654:-1	chr9:59465317:59465418:1
chr13:97313564:97313654:-1	chr9:59464571:59464681:1
chr5:115684872:115685007:1	chr15:73082591:73082746:-1
chr6:97163624:97163677:-1	chr8:105252912:105253021:-1
chr6:97163624:97163677:-1	chr8:105250208:105250270:-1
chr6:97163624:97163677:-1	chr8:105243280:105243366:-1
chr6:97163624:97163677:-1	chr8:105244820:105244895:-1
chr6:97163624:97163677:-1	chr8:105242761:105242853:-1
chr6:97163624:97163677:-1	chr8:105250967:105251076:-1
chr6:97163624:97163677:-1	chr8:105239973:105240087:-1
chr6:97163624:97163677:-1	chr8:105246177:105246310:-1
chr6:97176200:97176282:-1	chr8:105252912:105253021:-1
chr6:97176200:97176282:-1	chr8:105250208:105250270:-1
chr6:97176200:97176282:-1	chr8:105243280:105243366:-1
chr6:97176200:97176282:-1	chr8:105242761:105242853:-1
chr6:97176200:97176282:-1	chr8:105250967:105251076:-1
chr6:97176200:97176282:-1	chr8:105239973:105240087:-1
chr6:97176200:97176282:-1	chr8:105246177:105246310:-1
chr10:83453211:83453293:-1	chr14:26671399:26671587:-1
chr6:97178878:97178958:-1	chr8:105254819:105254849:-1
chr6:97178878:97178958:-1	chr8:105254010:105254081:-1
chr6:97178878:97178958:-1	chr8:105252912:105253021:-1
chr6:97178878:97178958:-1	chr8:105256688:105256748:-1
chr6:97178878:97178958:-1	chr8:105243280:105243366:-1
chr6:97178878:97178958:-1	chr8:105244820:105244895:-1
chr6:97178878:97178958:-1	chr8:105242761:105242853:-1
chr6:97178878:97178958:-1	chr8:105250967:105251076:-1
chr6:97178878:97178958:-1	chr8:105239973:105240087:-1
chr6:97178878:97178958:-1	chr8:105246177:105246310:-1
chr8:95396949:95397055:1	chr19:6187760:6187870:-1
chr8:95396949:95397055:1	chr19:6187508:6187670:-1
chr11:79919974:79920172:1	chr7:89616921:89617012:-1
chr11:79919974:79920172:1	chr7:89611464:89611569:-1
chr11:79919974:79920172:1	chr7:89613937:89614070:-1
chr11:79919974:79920172:1	chr7:89605463:89605621:-1
	chr5:90620320:90620543:1
	
	chr5:90619864:90620002:1
	chr5:90620320:90620543:1
	
	chr5:90619864:90620002:1
	chr5:90620320:90620543:1
	
	chr5:90619864:90620002:1
chr10:83464093:83464164:-1	chr14:26671399:26671587:-1
chr13:91687454:91687515:1	chr19:46022828:46022951:-1
chr13:91687454:91687515:1	chr19:46023050:46023133:-1
chr13:91687454:91687515:1	chr19:46023860:46024032:-1
chr13:91687454:91687515:1	chr19:46024174:46024276:-1
chr10:83447314:83447356:-1	chr14:26685604:26685663:-1
chr10:83447314:83447356:-1	chr14:26671399:26671587:-1
chr9:64882899:64882991:1	chr6:146458749:146458838:-1
chr9:64882899:64882991:1	chr6:146463227:146463355:-1
chr9:64882899:64882991:1	chr6:146461624:146461708:-1
chr9:64882899:64882991:1	chr6:146456426:146456596:-1
chr9:64882899:64882991:1	chr6:146457629:146457807:-1
chr9:64882899:64882991:1	chr6:146467991:146468193:-1
chr9:64889271:64889389:1	chr6:146458749:146458838:-1
chr9:64889271:64889389:1	chr6:146476200:146476274:-1
chr9:64889271:64889389:1	chr6:146463227:146463355:-1
chr9:64889271:64889389:1	chr6:146461624:146461708:-1
chr9:64889271:64889389:1	chr6:146456426:146456596:-1
chr9:64889271:64889389:1	chr6:146457629:146457807:-1
chr9:64889271:64889389:1	chr6:146467991:146468193:-1
chr8:95394225:95394286:1	chr19:6187760:6187870:-1
chr8:95394225:95394286:1	chr19:6187508:6187670:-1
chr11:120511250:120511330:-1	chr17:32443058:32443196:-1
chr7:28028445:28028475:-1	chr11:87633622:87633677:1
chr7:28028445:28028475:-1	chr11:87633884:87633937:1
chr10:117201986:117202089:-1	chr8:94758930:94759130:-1
chr10:117201986:117202089:-1	chr8:94749297:94749517:-1
chr9:119748715:119748820:1	chr5:146700011:146700224:-1
chr9:119748715:119748820:1	chr5:146677104:146677301:-1
chr9:119748715:119748820:1	chr5:146691180:146691409:-1
chr6:97173798:97173878:-1	chr8:105254819:105254849:-1
chr6:97173798:97173878:-1	chr8:105252912:105253021:-1
chr6:97173798:97173878:-1	chr8:105250208:105250270:-1
chr6:97173798:97173878:-1	chr8:105243280:105243366:-1
chr6:97173798:97173878:-1	chr8:105244820:105244895:-1
chr6:97173798:97173878:-1	chr8:105242761:105242853:-1
chr6:97173798:97173878:-1	chr8:105250967:105251076:-1
chr6:97173798:97173878:-1	chr8:105239973:105240087:-1
chr6:97173798:97173878:-1	chr8:105246177:105246310:-1
chr18:60910885:60910961:1	chr13:38241113:38241232:1
chr18:60910002:60910163:1	chr13:38241113:38241232:1
chr18:60910002:60910163:1	chr13:38236245:38236348:1
chr1:86475177:86475339:-1	chr5:25013351:25013433:-1
chr1:86475177:86475339:-1	chr5:25018796:25018863:-1
chr1:86474379:86474504:-1	chr5:25013351:25013433:-1
chr1:86474379:86474504:-1	chr5:25018796:25018863:-1
chr9:119749623:119749773:1	chr5:146700011:146700224:-1
chr9:119749623:119749773:1	chr5:146677104:146677301:-1
chr9:119749623:119749773:1	chr5:146691180:146691409:-1
chr1:86473420:86473529:-1	chr5:25013351:25013433:-1
chr1:86473420:86473529:-1	chr5:25018796:25018863:-1
chr1:74634368:74634460:-1	chr18:35932894:35932925:1
chr1:74634368:74634460:-1	chr18:35933163:35933268:1
chr1:74634368:74634460:-1	chr18:35926518:35926581:1
chr1:74634368:74634460:-1	chr18:35933005:35933082:1
chr3:137632570:137632703:1	chr3:88458003:88458092:-1
chr3:137632570:137632703:1	chr3:107187186:107187247:1
chr3:137632570:137632703:1	chr3:88459662:88459824:-1
chrX:47795182:47795311:1	chr9:46202993:46203131:1
chrX:47795182:47795311:1	chr9:46203746:46203827:1
chrX:47795182:47795311:1	chr9:46203364:46203548:1
chr5:124709824:124709949:-1	chr5:31347220:31347352:-1
chr17:66164657:66164788:-1	chr1:119411224:119411337:-1
chr17:66164657:66164788:-1	chr1:119403625:119403802:-1
chr17:66164657:66164788:-1	chr1:119405645:119405853:-1
chr6:97180435:97180555:-1	chr8:105243280:105243366:-1
chr6:97180435:97180555:-1	chr8:105244820:105244895:-1
chr6:97180435:97180555:-1	chr8:105242761:105242853:-1
chr6:97180435:97180555:-1	chr8:105250967:105251076:-1
chr6:97180435:97180555:-1	chr8:105239973:105240087:-1
chr6:97180435:97180555:-1	chr8:105246177:105246310:-1
chr17:24696404:24696479:-1	chr2:34325145:34325234:1
chr3:135361261:135361359:-1	chr19:5689887:5689978:1
chr3:135361261:135361359:-1	chr19:5691209:5691313:1
chr3:135361261:135361359:-1	chr19:5691492:5691704:1
chr12:85268251:85268414:1	chr5:31348493:31348584:-1
chr12:85270155:85270292:1	chr5:31348493:31348584:-1
chr6:145179974:145180152:-1	chr17:80740926:80741581:-1
chr6:145179974:145180152:-1	chr17:80721028:80721145:-1
chr6:145179974:145180152:-1	chr1:86474379:86474504:-1
chr6:145179974:145180152:-1	chr1:86473420:86473529:-1
chr8:26054356:26054500:1	chr5:150911858:150912959:1
chr9:56870280:56870427:1	chr11:97058376:97058520:-1
chr9:56870280:56870427:1	chr11:97054179:97054340:-1
chr9:56870280:56870427:1	chr11:97055779:97055922:-1
chr9:56870280:56870427:1	chr11:97054740:97054854:-1
chr9:56870280:56870427:1	chr11:97055551:97055656:-1
chr9:56870280:56870427:1	chr11:97056202:97056309:-1
chr9:64873972:64874079:1	chr6:146458749:146458838:-1
chr9:64873972:64874079:1	chr6:146476200:146476274:-1
chr9:64873972:64874079:1	chr6:146463227:146463355:-1
chr9:64873972:64874079:1	chr6:146461624:146461708:-1
chr9:64873972:64874079:1	chr6:146456426:146456596:-1
chr9:64873972:64874079:1	chr6:146457629:146457807:-1
chr9:64873972:64874079:1	chr6:146467991:146468193:-1
chr3:137633108:137633171:1	chr3:107189225:107189342:1
chr3:137633108:137633171:1	chr3:88458003:88458092:-1
chr3:137633108:137633171:1	chr3:107187186:107187247:1
chr3:137633108:137633171:1	chr3:88459662:88459824:-1
chr17:24696155:24696307:-1	chr2:34325145:34325234:1
chr10:83456562:83456708:-1	chr14:26672509:26672667:-1
chr10:83456562:83456708:-1	chr14:26671399:26671587:-1
chr11:115425378:115425509:-1	chr10:82480004:82480139:1
chr11:115425378:115425509:-1	chr10:82483787:82483912:1
chr11:115425378:115425509:-1	chr10:82483056:82483227:1
chr11:115421172:115421243:-1	chr10:82480004:82480139:1
chr11:115421172:115421243:-1	chr10:82483787:82483912:1
chr11:115421172:115421243:-1	chr10:82483056:82483227:1
chr11:120511473:120511709:-1	chr17:32443058:32443196:-1
chr11:120511473:120511709:-1	chr17:32444550:32444687:-1
chr3:137625682:137625716:1	chr3:107189225:107189342:1
chr4:133411746:133411876:-1	chr11:99110046:99110217:-1
chr17:66165968:66166129:-1	chr1:119411224:119411337:-1
chr17:66165968:66166129:-1	chr1:119403625:119403802:-1
chr17:66165968:66166129:-1	chr1:119405645:119405853:-1
chr10:41362368:41362467:1	chr12:3314689:3314749:-1
chr10:41362368:41362467:1	chr12:3302612:3302713:-1
chr10:41362368:41362467:1	chr12:3303269:3303358:-1
chr10:41362368:41362467:1	chr12:3306867:3307005:-1
chrX:47797767:47797950:1	chr9:46202993:46203131:1
chrX:47797767:47797950:1	chr9:46203746:46203827:1
chrX:47797767:47797950:1	chr9:46203364:46203548:1
chr4:44131544:44131643:-1	chr18:35933163:35933268:1
chr4:44131544:44131643:-1	chr18:35926518:35926581:1
chr4:44131544:44131643:-1	chr18:35933005:35933082:1
chr9:20833590:20833777:-1	chr11:29496703:29496788:-1
chr9:20833590:20833777:-1	chr11:29496291:29496422:-1
chr10:121387392:121387498:-1	chr2:5057799:5058001:-1
chr10:121387392:121387498:-1	
chr9:44542680:44542743:1	chr8:96471191:96471268:-1
chr9:44542680:44542743:1	chr8:96473601:96473780:-1
chr9:44542680:44542743:1	chr8:96472203:96472319:-1
chr9:44542680:44542743:1	chr8:96470841:96471018:-1
chr9:44542680:44542743:1	chr8:96474887:96475027:-1
chr1:128261218:128261393:-1	chr8:123298435:123298587:1
chr1:128261218:128261393:-1	chr8:123298676:123298877:1
chr17:80715675:80715791:-1	chr6:145177821:145177980:-1
chr17:80715675:80715791:-1	chr6:145179974:145180152:-1
chr17:80722372:80722534:-1	chr6:145177821:145177980:-1
chr17:80722372:80722534:-1	chr6:145179974:145180152:-1
chr3:136503487:136503687:1	chr11:6368226:6368314:1
chr17:80715997:80716169:-1	chr6:145177821:145177980:-1
chr17:80715997:80716169:-1	chr6:145179974:145180152:-1
chr11:52133414:52133487:1	
chr11:52127664:52127760:1	
chr11:120700630:120700875:-1	chr9:4308694:4308919:-1
chr11:120700630:120700875:-1	chr9:4302470:4302631:-1
chr4:155972853:155972982:1	chr14:65274795:65274932:1
chr10:83450008:83450166:-1	chr14:26674935:26675081:-1
chr10:83450008:83450166:-1	chr14:26672509:26672667:-1
chr10:83450008:83450166:-1	chr14:26671399:26671587:-1
chr17:45703919:45704131:-1	chr19:10875181:10875257:1
chr15:98711887:98711924:-1	chr4:104893896:104894022:-1
chr15:98711887:98711924:-1	chr15:5206560:5206686:1
chr15:98711887:98711924:-1	chr4:104896919:104897423:-1
chr15:98711887:98711924:-1	chr15:5205967:5206453:1
	chr12:3314689:3314749:-1
	chr12:3302612:3302713:-1
	chr12:3303269:3303358:-1
	chr12:3306867:3307005:-1
chr11:104247510:104247702:-1	chr2:27410585:27410674:1
chr11:104247510:104247702:-1	chr2:27409361:27409469:1
chr11:104247510:104247702:-1	chr2:27410339:27410428:1
chr11:104247510:104247702:-1	chr2:27409755:27409828:1
chr11:104247510:104247702:-1	chr2:27410840:27410923:1
chr11:104247510:104247702:-1	chr2:27415118:27415173:1
chr11:104247510:104247702:-1	chr2:27421651:27421726:1
chr10:83448576:83448764:-1	chr14:26674935:26675081:-1
chr10:83448576:83448764:-1	chr14:26672509:26672667:-1
chr10:83448576:83448764:-1	chr14:26671399:26671587:-1
chr15:98712069:98712234:-1	chr4:104893896:104894022:-1
chr15:98712069:98712234:-1	chr15:5206560:5206686:1
chr15:98712069:98712234:-1	chr4:104896919:104897423:-1
chr15:98712069:98712234:-1	chr15:5205967:5206453:1
chr10:41362590:41362663:1	chr12:3314689:3314749:-1
chr10:41362590:41362663:1	chr12:3302612:3302713:-1
chr10:41362590:41362663:1	chr12:3303269:3303358:-1
chr10:41362590:41362663:1	chr12:3306867:3307005:-1
chr9:44535772:44535918:1	chr8:96471191:96471268:-1
chr9:44535772:44535918:1	chr8:96473601:96473780:-1
chr9:44535772:44535918:1	chr8:96472203:96472319:-1
chr9:44535772:44535918:1	chr8:96470841:96471018:-1
chr9:44535772:44535918:1	chr8:96474887:96475027:-1
chr8:111567742:111567883:-1	chr15:81754533:81754699:-1
chr10:117203684:117203893:-1	chr8:94758930:94759130:-1
chr10:117203684:117203893:-1	chr8:94749297:94749517:-1
chr4:137056326:137056435:-1	chr1:80483338:80483438:-1
chr4:137056326:137056435:-1	chr1:80487994:80488184:-1
chr4:137056326:137056435:-1	chr1:80483042:80483180:-1
chr4:137056326:137056435:-1	chr1:80490144:80490354:-1
chr4:137059718:137059790:-1	chr1:80483338:80483438:-1
chr4:137059718:137059790:-1	chr1:80487994:80488184:-1
chr4:137059718:137059790:-1	chr1:80483042:80483180:-1
chr4:137059718:137059790:-1	chr1:80490144:80490354:-1
chr4:129211655:129211712:-1	chr11:79904190:79904421:1
chr4:129211655:129211712:-1	chr11:79919974:79920172:1
chr4:129214262:129214339:-1	chr11:79904190:79904421:1
chr4:129214262:129214339:-1	chr11:79919974:79920172:1
chr5:116152973:116153041:-1	chr4:104909113:104909206:-1
chr5:116152973:116153041:-1	chr4:104906531:104906618:-1
chr5:116152973:116153041:-1	chr4:104932611:104932752:-1
chr5:116152973:116153041:-1	chr4:104908399:104908543:-1
chr5:116152973:116153041:-1	chr4:104904288:104904512:-1
chr5:116152973:116153041:-1	chr4:104893896:104894022:-1
chr5:116152973:116153041:-1	chr4:104896919:104897423:-1
chr5:116152973:116153041:-1	chr15:5205967:5206453:1
chr15:98711478:98711624:-1	chr4:104893896:104894022:-1
chr15:98711478:98711624:-1	chr15:5206560:5206686:1
chr15:98711478:98711624:-1	chr4:104896919:104897423:-1
chr15:98711478:98711624:-1	chr15:5205967:5206453:1
chr15:98711478:98711624:-1	chr5:116152973:116153041:-1
chr15:98712390:98712516:-1	chr4:104893896:104894022:-1
chr15:98712390:98712516:-1	chr15:5206560:5206686:1
chr15:98712390:98712516:-1	chr4:104896919:104897423:-1
chr15:98712390:98712516:-1	chr15:5205967:5206453:1
chr15:98712390:98712516:-1	chr5:116152973:116153041:-1
chr5:116156007:116156140:-1	chr4:104909113:104909206:-1
chr5:116156007:116156140:-1	chr4:104906531:104906618:-1
chr5:116156007:116156140:-1	chr4:104932611:104932752:-1
chr5:116156007:116156140:-1	chr4:104908399:104908543:-1
chr5:116156007:116156140:-1	chr4:104904288:104904512:-1
chr5:116156007:116156140:-1	chr4:104893896:104894022:-1
chr5:116156007:116156140:-1	chr4:104896919:104897423:-1
chr5:116159542:116159705:-1	chr4:104909113:104909206:-1
chr5:116159542:116159705:-1	chr4:104906531:104906618:-1
chr5:116159542:116159705:-1	chr4:104932611:104932752:-1
chr5:116159542:116159705:-1	chr4:104908399:104908543:-1
chr5:116159542:116159705:-1	chr4:104904288:104904512:-1
chr5:116159542:116159705:-1	chr4:104893896:104894022:-1
chr5:116159542:116159705:-1	chr4:104896919:104897423:-1
chr5:116159542:116159705:-1	chr15:5205967:5206453:1
chr1:191804215:191804433:-1	chr4:136285809:136285882:-1
chr1:191804215:191804433:-1	chr4:136286484:136286618:-1
chr1:191804215:191804433:-1	chr4:136288329:136288471:-1
chr1:191804215:191804433:-1	chr4:136287634:136287724:-1
	chr12:87402300:87402448:-1
	chr12:87397035:87397159:-1
	chr12:87389418:87389523:-1
	chr12:87382806:87382932:-1
	chr12:87393482:87393575:-1
	chr12:87388311:87388530:-1
	chr12:87415705:87415899:-1
	chr12:87403322:87403476:-1
	chr12:87359472:87359601:-1
	chr12:87402300:87402448:-1
	chr12:87397035:87397159:-1
	chr12:87389418:87389523:-1
	chr12:87382806:87382932:-1
	chr12:87393482:87393575:-1
	chr12:87388311:87388530:-1
	chr12:87415705:87415899:-1
	chr12:87403322:87403476:-1
	chr12:87359472:87359601:-1
	chr12:87402300:87402448:-1
	chr12:87397035:87397159:-1
	chr12:87389418:87389523:-1
	chr12:87382806:87382932:-1
	chr12:87393482:87393575:-1
	chr12:87388311:87388530:-1
	chr12:87415705:87415899:-1
	chr12:87403322:87403476:-1
	chr12:87359472:87359601:-1
chr5:116158063:116158177:-1	chr4:104909113:104909206:-1
chr5:116158063:116158177:-1	chr4:104906531:104906618:-1
chr5:116158063:116158177:-1	chr4:104932611:104932752:-1
chr5:116158063:116158177:-1	chr4:104908399:104908543:-1
chr5:116158063:116158177:-1	chr4:104904288:104904512:-1
chr5:116158063:116158177:-1	chr4:104893896:104894022:-1
chr5:116158063:116158177:-1	chr4:104896919:104897423:-1
chr5:116158063:116158177:-1	chr15:5205967:5206453:1
	chr12:87402300:87402448:-1
	chr12:87397035:87397159:-1
	chr12:87389418:87389523:-1
	chr12:87382806:87382932:-1
	chr12:87393482:87393575:-1
	chr12:87388311:87388530:-1
	chr12:87415705:87415899:-1
	chr12:87403322:87403476:-1
	chr12:87359472:87359601:-1
chr8:40953793:40953954:-1	chr8:96471571:96471681:-1
chr8:40953793:40953954:-1	chr8:96471191:96471268:-1
chr8:40953793:40953954:-1	chr8:96472203:96472319:-1
chr5:116158433:116158526:-1	chr4:104909113:104909206:-1
chr5:116158433:116158526:-1	chr4:104906531:104906618:-1
chr5:116158433:116158526:-1	chr4:104932611:104932752:-1
chr5:116158433:116158526:-1	chr4:104908399:104908543:-1
chr5:116158433:116158526:-1	chr4:104904288:104904512:-1
chr5:116158433:116158526:-1	chr4:104893896:104894022:-1
chr5:116158433:116158526:-1	chr4:104896919:104897423:-1
chr5:116158433:116158526:-1	chr15:5205967:5206453:1
chr8:70961946:70962032:-1	chr4:19623102:19623222:-1
chr8:70961946:70962032:-1	chr18:65342724:65342820:1
chr8:70961946:70962032:-1	chr18:65336947:65337020:1
chr8:70961946:70962032:-1	chr18:65331702:65331797:1
chr8:70961946:70962032:-1	chr4:19638605:19638676:-1
chr8:70961946:70962032:-1	chr4:19627633:19627773:-1
chr8:70961946:70962032:-1	chr4:19627872:19628005:-1
chr8:70961946:70962032:-1	chr4:19631046:19631205:-1
chr8:70961946:70962032:-1	chr18:65326147:65326376:1
chr8:70961946:70962032:-1	chr18:65328131:65328252:1
	chr9:4303094:4303215:-1
	chr9:4308694:4308919:-1
	chr9:4302470:4302631:-1
chr13:53521348:53521420:-1	chr12:87402300:87402448:-1
chr13:53521348:53521420:-1	chr12:87397035:87397159:-1
chr13:53521348:53521420:-1	chr12:87389418:87389523:-1
chr13:53521348:53521420:-1	chr12:87382806:87382932:-1
chr13:53521348:53521420:-1	chr12:87393482:87393575:-1
chr13:53521348:53521420:-1	chr12:87388311:87388530:-1
chr13:53521348:53521420:-1	chr12:87415705:87415899:-1
chr13:53521348:53521420:-1	chr12:87403322:87403476:-1
chr13:53521348:53521420:-1	chr12:87359472:87359601:-1
chr7:101559236:101559313:1	chr3:137630873:137630931:1
chr7:101559236:101559313:1	chr3:137632570:137632703:1
chr7:101559236:101559313:1	chr3:137625682:137625716:1
chr13:53527998:53528105:-1	chr12:87402300:87402448:-1
chr13:53527998:53528105:-1	chr12:87397035:87397159:-1
chr13:53527998:53528105:-1	chr12:87389418:87389523:-1
chr13:53527998:53528105:-1	chr12:87382806:87382932:-1
chr13:53527998:53528105:-1	chr12:87393482:87393575:-1
chr13:53527998:53528105:-1	chr12:87388311:87388530:-1
chr13:53527998:53528105:-1	chr12:87415705:87415899:-1
chr13:53527998:53528105:-1	chr12:87403322:87403476:-1
chr13:53527998:53528105:-1	chr12:87359472:87359601:-1
chr11:6624763:6624895:1	chr2:84203598:84203727:-1
chr11:6624763:6624895:1	chr2:84200751:84200861:-1
chr11:6624763:6624895:1	chr2:84175367:84175433:-1
chr11:6624763:6624895:1	chr2:84175514:84175574:-1
chr11:6624763:6624895:1	chr2:84200374:84200486:-1
chr11:6624763:6624895:1	chr2:84178549:84178702:-1
chr11:6624763:6624895:1	chr2:84169555:84169773:-1
chr14:73436622:73436764:-1	chr8:13422936:13423102:1
chr14:73436622:73436764:-1	chr8:13422466:13422617:1
chr14:73436622:73436764:-1	
chr10:88571760:88571841:1	chr1:10284350:10284496:-1
chr10:88571760:88571841:1	chr1:10286062:10286218:-1
chr10:88572953:88573064:1	chr1:10284350:10284496:-1
chr10:88572953:88573064:1	chr1:10286062:10286218:-1
chr10:88569405:88569542:1	chr1:10284350:10284496:-1
chr10:88569405:88569542:1	chr1:10286062:10286218:-1
chr5:115778139:115778262:1	chr2:37748380:37748484:-1
chr5:115778139:115778262:1	chr2:37748030:37748117:-1
chr5:115778139:115778262:1	chr2:37911368:37911478:-1
chr5:115778139:115778262:1	chr2:37893386:37893486:-1
chr5:115778139:115778262:1	chr2:38016541:38016660:-1
chr5:115775775:115775825:1	chr2:37873072:37873117:-1
chr5:115775775:115775825:1	chr2:37911368:37911478:-1
chr5:115775775:115775825:1	chr2:38016541:38016660:-1
chr5:115781427:115781551:1	chr2:37748380:37748484:-1
chr5:115781427:115781551:1	chr2:37748030:37748117:-1
chr5:115781427:115781551:1	chr2:37873072:37873117:-1
chr5:115781427:115781551:1	chr2:37911368:37911478:-1
chr5:115781427:115781551:1	chr2:37893386:37893486:-1
chr5:115781427:115781551:1	chr2:38016541:38016660:-1
chrX:20737278:20737401:1	chr9:7449749:7449913:1
chrX:20737278:20737401:1	chr14:54674072:54674379:1
chrX:20737278:20737401:1	chr14:54675058:54675219:1
chrX:20737278:20737401:1	chr9:7446933:7447177:1
chrX:20739016:20739095:1	chr9:7449749:7449913:1
chrX:20739016:20739095:1	chr14:54675058:54675219:1
chrX:20739016:20739095:1	chr9:7446933:7447177:1
chr17:24695299:24695423:-1	chr2:34334270:34334418:1
chr17:24695299:24695423:-1	chr2:34325145:34325234:1
chr10:121387156:121387227:-1	chr2:5057799:5058001:-1
chr4:148630855:148630977:1	chr17:24697085:24697136:-1
chr4:148630855:148630977:1	chr17:24696404:24696479:-1
chr4:148630855:148630977:1	chr17:24696155:24696307:-1
chr4:148630855:148630977:1	chr17:24695299:24695423:-1
chr4:148640724:148640829:1	chr17:24697085:24697136:-1
chr4:148640724:148640829:1	chr17:24696155:24696307:-1
chr4:148640724:148640829:1	chr17:24695299:24695423:-1
chr13:104317561:104317744:1	chr18:35933163:35933268:1
chr13:104317561:104317744:1	chr18:35926518:35926581:1
chr13:104317561:104317744:1	chr18:35933005:35933082:1
chr1:151351891:151352106:-1	chr2:18687650:18687705:1
chr1:151351891:151352106:-1	chr2:18687034:18687130:1
chr1:151351891:151352106:-1	chr2:18687792:18687842:1
chr2:73681208:73681326:-1	chr17:28947878:28947949:1
chr2:73681208:73681326:-1	chr17:28947331:28947445:1
chr2:73681208:73681326:-1	chr17:28960762:28960840:1
chr2:73681208:73681326:-1	chr17:28932748:28932877:1
chr9:44545390:44545491:1	chr11:3171093:3171294:1
chr9:44545390:44545491:1	chr8:96471191:96471268:-1
chr9:44545390:44545491:1	chr8:96473601:96473780:-1
chr9:44545390:44545491:1	chr8:96472203:96472319:-1
chr9:44545390:44545491:1	chr8:96470841:96471018:-1
chr9:44545390:44545491:1	chr8:96474887:96475027:-1
chr9:50564922:50565048:-1	chrX:92857533:92857674:-1
chr9:50564922:50565048:-1	chrX:92843720:92843809:-1
chr4:57195702:57195837:-1	chr15:89018815:89018929:-1
chr5:125096883:125097110:-1	chr9:8956245:8956389:1
chr5:125096883:125097110:-1	chr9:8946646:8946951:1
chr5:125096883:125097110:-1	chr2:27642324:27642453:1
chr5:125096883:125097110:-1	chr2:27644235:27644367:1
chr19:46296612:46296697:1	chr9:32664095:32664213:1
chr9:50562051:50562238:-1	chrX:92843720:92843809:-1
chr9:44541321:44541437:1	chr11:3171093:3171294:1
chr9:44541321:44541437:1	chr8:96471191:96471268:-1
chr9:44541321:44541437:1	chr8:96473601:96473780:-1
chr9:44541321:44541437:1	chr8:96472203:96472319:-1
chr9:44541321:44541437:1	chr8:96470841:96471018:-1
chr9:44541321:44541437:1	chr8:96474887:96475027:-1
chr9:44539938:44540066:1	chr11:3171093:3171294:1
chr9:44539938:44540066:1	chr8:96471191:96471268:-1
chr9:44539938:44540066:1	chr8:96473601:96473780:-1
chr9:44539938:44540066:1	chr8:96472203:96472319:-1
chr9:44539938:44540066:1	chr8:96470841:96471018:-1
chr9:44539938:44540066:1	chr8:96474887:96475027:-1
chrX:47036584:47036749:1	chr8:72922271:72922331:1
chrX:47036584:47036749:1	chr8:72925084:72925144:1
chr6:97168054:97168209:-1	chr8:105252912:105253021:-1
chr6:97168054:97168209:-1	chr8:105250208:105250270:-1
chr6:97168054:97168209:-1	chr8:105243280:105243366:-1
chr6:97168054:97168209:-1	chr8:105244820:105244895:-1
chr6:97168054:97168209:-1	chr8:105242761:105242853:-1
chr6:97168054:97168209:-1	chr8:105250967:105251076:-1
chr6:97168054:97168209:-1	chr8:105239973:105240087:-1
chr6:97168054:97168209:-1	chr8:105246177:105246310:-1
chr6:97166715:97166817:-1	chr8:105252912:105253021:-1
chr6:97166715:97166817:-1	chr8:105250208:105250270:-1
chr6:97166715:97166817:-1	chr8:105243280:105243366:-1
chr6:97166715:97166817:-1	chr8:105244820:105244895:-1
chr6:97166715:97166817:-1	chr8:105242761:105242853:-1
chr6:97166715:97166817:-1	chr8:105250967:105251076:-1
chr6:97166715:97166817:-1	chr8:105239973:105240087:-1
chr6:97166715:97166817:-1	chr8:105246177:105246310:-1
chr6:97166490:97166603:-1	chr8:105252912:105253021:-1
chr6:97166490:97166603:-1	chr8:105250208:105250270:-1
chr6:97166490:97166603:-1	chr8:105256688:105256748:-1
chr6:97166490:97166603:-1	chr8:105243280:105243366:-1
chr6:97166490:97166603:-1	chr8:105244820:105244895:-1
chr6:97166490:97166603:-1	chr8:105242761:105242853:-1
chr6:97166490:97166603:-1	chr8:105250967:105251076:-1
chr6:97166490:97166603:-1	chr8:105239973:105240087:-1
chr6:97166490:97166603:-1	chr8:105246177:105246310:-1
chr9:44525509:44525613:1	chr8:96471191:96471268:-1
chr9:44525509:44525613:1	chr8:96473601:96473780:-1
chr9:44525509:44525613:1	chr8:96472203:96472319:-1
chr9:44525509:44525613:1	chr8:96470841:96471018:-1
chr9:44525509:44525613:1	chr8:96474887:96475027:-1
chr6:97163030:97163111:-1	chr8:105256688:105256748:-1
chr6:97163030:97163111:-1	chr8:105243280:105243366:-1
chr6:97163030:97163111:-1	chr8:105244820:105244895:-1
chr6:97163030:97163111:-1	chr8:105242761:105242853:-1
chr6:97163030:97163111:-1	chr8:105250967:105251076:-1
chr6:97163030:97163111:-1	chr8:105239973:105240087:-1
chr6:97163030:97163111:-1	chr8:105246177:105246310:-1
chr4:155972641:155972783:1	chr14:65274795:65274932:1
chr16:16833762:16833944:1	chr11:100784717:100784811:-1
chr4:57196351:57196496:-1	chr15:89018815:89018929:-1
chr4:130279747:130279808:1	chr10:40733543:40733672:-1
chr8:111568403:111568575:-1	chr15:81754533:81754699:-1
chr17:51270721:51270788:-1	chr5:122498076:122498267:1
chr2:145773190:145773348:-1	chr17:45727871:45728015:-1
chr2:145773190:145773348:-1	chr17:45736778:45736905:-1
chr2:32707298:32707401:-1	chr9:56951659:56951752:1
chr2:32707298:32707401:-1	chr9:56967138:56967345:1
chr2:32707298:32707401:-1	chr9:56964995:56965145:1
chr13:91712729:91712813:1	chr19:46022828:46022951:-1
chr13:91712729:91712813:1	chr19:46023050:46023133:-1
chr13:91712729:91712813:1	chr19:46023860:46024032:-1
chr13:91712729:91712813:1	chr19:46024174:46024276:-1
chr17:29471224:29471292:-1	chr10:40733543:40733672:-1
chr4:130277187:130277307:1	chr10:40728493:40728576:-1
chr4:130277187:130277307:1	chr10:40733543:40733672:-1
chr4:130282368:130282471:1	chr10:40728493:40728576:-1
chr4:130282368:130282471:1	chr10:40733543:40733672:-1
chr5:145081709:145081831:1	chr10:40726926:40727065:-1
chr5:145081709:145081831:1	chr10:40733543:40733672:-1
chr4:130256421:130256550:1	chr10:40728493:40728576:-1
chr4:130256421:130256550:1	chr10:40733543:40733672:-1
chr5:145083253:145083419:1	chr10:40726926:40727065:-1
chr5:145083253:145083419:1	chr10:40733543:40733672:-1
chr17:45735427:45735526:-1	chr10:40723126:40723200:-1
chr17:45735427:45735526:-1	chr10:40723920:40724059:-1
chr17:45735427:45735526:-1	chr10:40719038:40719139:-1
chr17:29480711:29480865:-1	chr10:40733543:40733672:-1
chr18:31968437:31968534:1	chr12:101964796:101964948:1
chr18:31968437:31968534:1	chr12:101963514:101963714:1
chr17:45730527:45730745:-1	chr10:40710172:40710316:-1
chr17:45730527:45730745:-1	chr10:40723126:40723200:-1
chr17:45730527:45730745:-1	chr10:40723920:40724059:-1
chr17:45730527:45730745:-1	chr10:40719038:40719139:-1
chr17:45730527:45730745:-1	chr10:40712284:40712360:-1
chr17:45730527:45730745:-1	chr10:40717350:40717483:-1
chr17:45730527:45730745:-1	chr4:134663294:134663392:1
chr4:148568012:148568179:1	chr15:6803290:6803455:1
chr4:148568012:148568179:1	chr15:6821074:6821307:1
chr2:145774166:145774257:-1	chr17:45727871:45728015:-1
chr2:145774166:145774257:-1	chr17:45736778:45736905:-1
chr2:145774166:145774257:-1	chr17:45735427:45735526:-1
chr2:145774166:145774257:-1	chr17:45730527:45730745:-1
chr2:145774733:145774885:-1	chr17:45727871:45728015:-1
chr2:145774733:145774885:-1	chr17:45736778:45736905:-1
chr2:145774733:145774885:-1	chr17:45735427:45735526:-1
chr2:145774733:145774885:-1	chr4:134662685:134662775:1
chr2:145774733:145774885:-1	chr4:134663294:134663392:1
chr2:145774733:145774885:-1	chr17:45730527:45730745:-1
chr2:145772454:145772620:-1	chr17:45727871:45728015:-1
chr2:145772454:145772620:-1	chr17:45736778:45736905:-1
chr2:145772454:145772620:-1	chr17:45735427:45735526:-1
chr2:145772454:145772620:-1	chr4:134662685:134662775:1
chr2:145772454:145772620:-1	chr4:134663294:134663392:1
chr14:57001606:57001701:-1	chr4:126916609:126916797:1
chrX:100486536:100486631:1	chr14:57001606:57001701:-1
chrX:100486901:100487097:1	chr14:57001606:57001701:-1
chrX:100483093:100483286:1	chr14:57001606:57001701:-1
chrX:47035880:47035990:1	chr8:72922271:72922331:1
chrX:47035880:47035990:1	chr8:72925084:72925144:1
chr4:155619815:155619921:1	chr2:84198891:84198982:-1
chr18:32011077:32011203:1	chr12:101964796:101964948:1
chr18:32011077:32011203:1	chr12:101963514:101963714:1
chr5:134688701:134688857:-1	chr7:28264238:28264696:-1
chr5:134688701:134688857:-1	chr7:28260224:28260349:-1
chr5:134688701:134688857:-1	chr7:28259570:28259704:-1
chr5:134688701:134688857:-1	chr7:28263631:28264071:-1
chr5:134688701:134688857:-1	chr7:28262373:28262506:-1
chr19:5542525:5542832:1	chr5:134686347:134686504:-1
chr19:5542525:5542832:1	chr5:134694684:134694867:-1
chr19:5542525:5542832:1	chr5:134686763:134686818:-1
chr19:5542525:5542832:1	chr5:134690647:134690712:-1
chr19:5542525:5542832:1	chr5:134688701:134688857:-1
chr19:5543183:5543408:1	chr5:134686347:134686504:-1
chr19:5543183:5543408:1	chr5:134694684:134694867:-1
chr19:5543183:5543408:1	chr5:134686763:134686818:-1
chr19:5543183:5543408:1	chr5:134690647:134690712:-1
chr19:5543183:5543408:1	chr5:134688701:134688857:-1
chr13:75914273:75914339:1	chr11:53271413:53271499:1
chr13:75914273:75914339:1	chr11:53266416:53266460:1
chr13:75918665:75918709:1	chr11:53271413:53271499:1
chr13:75918665:75918709:1	chr11:53266416:53266460:1
chr9:64891260:64891325:1	chr6:146458749:146458838:-1
chr9:64891260:64891325:1	chr6:146476200:146476274:-1
chr9:64891260:64891325:1	chr6:146463227:146463355:-1
chr9:64891260:64891325:1	chr6:146461624:146461708:-1
chr9:64891260:64891325:1	chr6:146456426:146456596:-1
chr9:64891260:64891325:1	chr6:146457629:146457807:-1
chr9:64891260:64891325:1	chr6:146467991:146468193:-1
chr11:79920833:79920912:1	chr7:89618779:89618860:-1
chr11:79920833:79920912:1	chr7:89611464:89611569:-1
chr9:64885419:64885563:1	chr6:146476200:146476274:-1
chr9:64885419:64885563:1	chr6:146463227:146463355:-1
chr9:64885419:64885563:1	chr6:146461624:146461708:-1
chr9:64885419:64885563:1	chr6:146456426:146456596:-1
chr9:64885419:64885563:1	chr6:146457629:146457807:-1
chr9:64885419:64885563:1	chr6:146467991:146468193:-1
chr9:64887057:64887190:1	chr6:146458749:146458838:-1
chr9:64887057:64887190:1	chr6:146476200:146476274:-1
chr9:64887057:64887190:1	chr6:146463227:146463355:-1
chr9:64887057:64887190:1	chr6:146461624:146461708:-1
chr9:64887057:64887190:1	chr6:146456426:146456596:-1
chr9:64887057:64887190:1	chr6:146457629:146457807:-1
chr9:64887057:64887190:1	chr6:146467991:146468193:-1
chr1:151352623:151352783:-1	chr2:18687650:18687705:1
chr1:151352623:151352783:-1	chr2:18687034:18687130:1
chr1:151352623:151352783:-1	chr2:18687792:18687842:1
chr7:127396246:127396418:1	chr2:27410585:27410674:1
chr7:127396246:127396418:1	chr2:27409361:27409469:1
chr7:127396246:127396418:1	chr2:27410339:27410428:1
chr7:127396246:127396418:1	chr2:27409755:27409828:1
chr7:127396246:127396418:1	chr2:27410840:27410923:1
chr7:127396246:127396418:1	chr2:27415118:27415173:1
chr7:127396246:127396418:1	chr2:27423349:27423423:1
chr7:127396246:127396418:1	chr2:27421651:27421726:1
chr9:64880500:64880642:1	chr6:146476200:146476274:-1
chr9:64880500:64880642:1	chr6:146463227:146463355:-1
chr9:64880500:64880642:1	chr6:146461624:146461708:-1
chr9:64880500:64880642:1	chr6:146456426:146456596:-1
chr9:64880500:64880642:1	chr6:146457629:146457807:-1
chr9:64880500:64880642:1	chr6:146467991:146468193:-1
chr15:98713757:98713866:-1	chr4:104893896:104894022:-1
chr15:98713757:98713866:-1	chr15:5206560:5206686:1
chr15:98713757:98713866:-1	chr4:104896919:104897423:-1
chr15:98713757:98713866:-1	chr15:5205967:5206453:1
chr15:98713757:98713866:-1	chr5:116152973:116153041:-1
chr17:88296855:88296944:1	chr17:88024883:88025128:1
chr17:88296855:88296944:1	chr17:88015880:88016030:1
chr17:88296855:88296944:1	chr17:88026716:88026963:1
chr17:88296855:88296944:1	chr17:88026029:88026233:1
chr17:88296855:88296944:1	chr17:87987228:87987506:1
chr17:88296855:88296944:1	
chr17:88296855:88296944:1	chr17:87985636:87985790:1
chr17:88297859:88298058:1	chr17:88024883:88025128:1
chr17:88297859:88298058:1	chr17:88015880:88016030:1
chr17:88297859:88298058:1	chr17:88026716:88026963:1
chr17:88297859:88298058:1	chr17:88026029:88026233:1
chr17:88297859:88298058:1	chr17:87987228:87987506:1
chr17:88297859:88298058:1	
chr17:88297859:88298058:1	chr17:87985636:87985790:1
chr17:88295614:88295882:1	chr17:88024883:88025128:1
chr17:88295614:88295882:1	chr17:88015880:88016030:1
chr17:88295614:88295882:1	chr17:88026716:88026963:1
chr17:88295614:88295882:1	chr17:88026029:88026233:1
chr17:88295614:88295882:1	chr17:87987228:87987506:1
chr17:88295614:88295882:1	
chr17:88295614:88295882:1	chr17:87985636:87985790:1
chr17:88297622:88297776:1	chr17:88024883:88025128:1
chr17:88297622:88297776:1	chr17:88015880:88016030:1
chr17:88297622:88297776:1	chr17:88026716:88026963:1
chr17:88297622:88297776:1	chr17:88026029:88026233:1
chr17:88297622:88297776:1	chr17:87987228:87987506:1
chr17:88297622:88297776:1	
chr17:88297622:88297776:1	chr17:87985636:87985790:1
chr17:88291874:88294409:1	chr17:88024883:88025128:1
chr17:88291874:88294409:1	chr17:88015880:88016030:1
chr17:88291874:88294409:1	chr17:88026716:88026963:1
chr17:88291874:88294409:1	chr17:88026029:88026233:1
chr17:88291874:88294409:1	chr17:87987228:87987506:1
chr17:88291874:88294409:1	
chr17:88291874:88294409:1	chr17:87985636:87985790:1
chr3:36622737:36622960:-1	chr14:73436622:73436764:-1
chr3:36622737:36622960:-1	
chr3:36620690:36620823:-1	chr14:73436622:73436764:-1
chr3:36621873:36622080:-1	chr14:73436622:73436764:-1
chr3:36621873:36622080:-1	
chr11:119806239:119806348:1	chr11:101147704:101147779:1
chr11:79915994:79916137:1	chr4:129211655:129211712:-1
chr11:79915994:79916137:1	chr4:129214262:129214339:-1
chr4:129222381:129222526:-1	chr11:79904190:79904421:1
chr4:129222381:129222526:-1	chr11:79919974:79920172:1
chr4:129222381:129222526:-1	chr11:79915994:79916137:1
chr4:129215647:129215773:-1	chr11:79904190:79904421:1
chr4:129215647:129215773:-1	chr11:79919974:79920172:1
chr4:129215647:129215773:-1	chr11:79915994:79916137:1
chr4:129216489:129216662:-1	chr11:79904190:79904421:1
chr4:129216489:129216662:-1	chr11:79919974:79920172:1
chr4:129216489:129216662:-1	chr11:79915994:79916137:1
chr4:129215872:129216032:-1	chr11:79904190:79904421:1
chr4:129215872:129216032:-1	chr11:79919974:79920172:1
chr4:129215872:129216032:-1	chr11:79915994:79916137:1
chr4:129228290:129228437:-1	chr11:79904190:79904421:1
chr4:129228290:129228437:-1	chr11:79919974:79920172:1
chr4:129228290:129228437:-1	chr11:79915994:79916137:1
chr4:129211441:129211551:-1	chr11:79904190:79904421:1
chr4:129211441:129211551:-1	chr11:79919974:79920172:1
chr4:129211441:129211551:-1	chr11:79915994:79916137:1
chr4:129212237:129212313:-1	chr11:79904190:79904421:1
chr4:129212237:129212313:-1	chr11:79919974:79920172:1
chr4:129212237:129212313:-1	chr11:79915994:79916137:1
chr11:79916623:79916780:1	chr4:129211655:129211712:-1
chr11:79916623:79916780:1	chr4:129214262:129214339:-1
chr11:79916623:79916780:1	chr4:129222381:129222526:-1
chr11:79916623:79916780:1	chr4:129215647:129215773:-1
chr11:79916623:79916780:1	chr4:129216489:129216662:-1
chr11:79916623:79916780:1	chr4:129215872:129216032:-1
chr11:79916623:79916780:1	chr4:129228290:129228437:-1
chr11:79916623:79916780:1	chr4:129211441:129211551:-1
chr11:79916623:79916780:1	chr4:129212237:129212313:-1
chr11:79912918:79913095:1	chr4:129211655:129211712:-1
chr11:79912918:79913095:1	chr4:129214262:129214339:-1
chr11:79912918:79913095:1	chr4:129222381:129222526:-1
chr11:79912918:79913095:1	chr4:129215647:129215773:-1
chr11:79912918:79913095:1	chr4:129216489:129216662:-1
chr11:79912918:79913095:1	chr4:129228290:129228437:-1
chr11:79912918:79913095:1	chr4:129211441:129211551:-1
chr11:79912918:79913095:1	chr4:129212237:129212313:-1
	chr3:36622737:36622960:-1
	chr3:36621873:36622080:-1
chr13:53521902:53521995:-1	chr12:87402300:87402448:-1
chr13:53521902:53521995:-1	chr12:87397035:87397159:-1
chr13:53521902:53521995:-1	chr12:87389418:87389523:-1
chr13:53521902:53521995:-1	chr12:87382806:87382932:-1
chr13:53521902:53521995:-1	chr12:87393482:87393575:-1
chr13:53521902:53521995:-1	chr12:87388311:87388530:-1
chr13:53521902:53521995:-1	chr12:87415705:87415899:-1
chr13:53521902:53521995:-1	chr12:87403322:87403476:-1
chr13:53521902:53521995:-1	chr12:87359472:87359601:-1
chr13:97325470:97325580:-1	chr9:59465317:59465418:1
chr13:97325470:97325580:-1	chr9:59464571:59464681:1
chr2:179681146:179681272:-1	chr11:30800603:30800707:1
chr2:179681146:179681272:-1	chr11:30802673:30802804:1
chr2:179681146:179681272:-1	chr11:30798047:30798199:1
chr2:179681146:179681272:-1	chr11:30811348:30811476:1
chr2:179681146:179681272:-1	chr11:30797398:30797523:1
chr2:179679176:179679295:-1	chr11:30800603:30800707:1
chr2:179679176:179679295:-1	chr11:30802673:30802804:1
chr2:179679176:179679295:-1	chr11:30798047:30798199:1
chr2:179679176:179679295:-1	chr11:30811348:30811476:1
chr2:179679176:179679295:-1	chr11:30797398:30797523:1
chr16:16836150:16836339:1	chr11:100784717:100784811:-1
chr1:172027975:172028146:-1	chr16:16844222:16844353:1
chr1:172027975:172028146:-1	chr16:16841316:16841432:1
chr1:172027975:172028146:-1	chr16:16843890:16844004:1
chr1:172027975:172028146:-1	chr16:16833762:16833944:1
chr1:172027975:172028146:-1	chr16:16836150:16836339:1
chr1:172026678:172026833:-1	chr16:16844222:16844353:1
chr1:172026678:172026833:-1	chr16:16841316:16841432:1
chr1:172026678:172026833:-1	chr16:16843890:16844004:1
chr1:172026678:172026833:-1	chr16:16833762:16833944:1
chr1:172026678:172026833:-1	chr16:16836150:16836339:1
chr15:51831747:51831918:-1	chrX:41315666:41315739:1
chr15:51831747:51831918:-1	chrX:41322748:41322855:1
chr15:51831747:51831918:-1	chrX:41309855:41309931:1
chr15:51831747:51831918:-1	chrX:41318001:41318099:1
chr15:51831747:51831918:-1	chrX:41317088:41317211:1
chr15:51831747:51831918:-1	chrX:41325828:41325931:1
chr15:51831747:51831918:-1	chrX:41312123:41312327:1
chr15:51831747:51831918:-1	chrX:41318196:41318275:1
chr15:51831747:51831918:-1	chrX:41325166:41325283:1
chr15:51833317:51833540:-1	chrX:41315666:41315739:1
chr15:51833317:51833540:-1	chrX:41322748:41322855:1
chr15:51833317:51833540:-1	chrX:41309855:41309931:1
chr15:51833317:51833540:-1	chrX:41318001:41318099:1
chr15:51833317:51833540:-1	chrX:41317088:41317211:1
chr15:51833317:51833540:-1	chrX:41325828:41325931:1
chr15:51833317:51833540:-1	chrX:41312123:41312327:1
chr15:51833317:51833540:-1	chrX:41318196:41318275:1
chr15:51833317:51833540:-1	chrX:41325166:41325283:1
chr15:101618188:101618313:-1	chr11:100094934:100095154:-1
chr15:101618188:101618313:-1	chr11:100095250:100095375:-1
chr1:71645862:71646026:-1	chr5:121302558:121302750:-1
chr1:71645862:71646026:-1	chr5:121301201:121301317:-1
chr5:124714861:124714977:-1	chr12:85271329:85271395:1
chr5:124714861:124714977:-1	chr12:85270155:85270292:1
	chr12:87402300:87402448:-1
	chr12:87397035:87397159:-1
	chr12:87389418:87389523:-1
	chr12:87382806:87382932:-1
	chr12:87393482:87393575:-1
	chr12:87388311:87388530:-1
	chr12:87415705:87415899:-1
	chr12:87403322:87403476:-1
	chr12:87359472:87359601:-1
	chr12:87402300:87402448:-1
	chr12:87397035:87397159:-1
	chr12:87389418:87389523:-1
	chr12:87382806:87382932:-1
	chr12:87393482:87393575:-1
	chr12:87388311:87388530:-1
	chr12:87415705:87415899:-1
	chr12:87403322:87403476:-1
	chr12:87359472:87359601:-1
chr8:111569320:111569646:-1	chr2:127066501:127066650:1
chr8:111569320:111569646:-1	chr15:81754533:81754699:-1
chr12:31379109:31379268:1	chr2:179823143:179823291:-1
chr12:31379109:31379268:1	
chr12:31379109:31379268:1	chr2:179822886:179823062:-1
chr12:31379109:31379268:1	chr2:179821045:179821321:-1
chr9:115958884:115959074:-1	chr1:186361080:186361233:-1
	chr12:87402300:87402448:-1
	chr12:87397035:87397159:-1
	chr12:87389418:87389523:-1
	chr12:87382806:87382932:-1
	chr12:87393482:87393575:-1
	chr12:87388311:87388530:-1
	chr12:87415705:87415899:-1
	chr12:87403322:87403476:-1
	chr12:87359472:87359601:-1
chr9:54864095:54864218:1	chr11:30791991:30792120:1
chr9:54864095:54864218:1	chr11:30787282:30787491:1
chr9:54864095:54864218:1	chr11:30797398:30797523:1
chr9:54864095:54864218:1	chr11:30791569:30791622:1
chr9:54859963:54860125:1	chr11:30791991:30792120:1
chr9:54859963:54860125:1	chr11:30787282:30787491:1
chr9:54859963:54860125:1	chr11:30797398:30797523:1
chr9:54859963:54860125:1	chr11:30791569:30791622:1
chr9:54863541:54863671:1	chr11:30791991:30792120:1
chr9:54863541:54863671:1	chr11:30787282:30787491:1
chr9:54863541:54863671:1	chr11:30797398:30797523:1
chr9:54863541:54863671:1	chr11:30791569:30791622:1
chr18:60702429:60702593:1	chr17:29471224:29471292:-1
chr18:60698690:60698790:1	chr17:45730527:45730745:-1
chr18:60697435:60697567:1	chr10:40725741:40725837:-1
chr18:60697435:60697567:1	chr10:40726926:40727065:-1
chr18:60697435:60697567:1	chr10:40728493:40728576:-1
chr18:60697435:60697567:1	chr10:40733543:40733672:-1
chr18:60697435:60697567:1	chr5:145081709:145081831:1
chr18:60697435:60697567:1	chr5:145083253:145083419:1
chr18:60700443:60700643:1	chr10:40725741:40725837:-1
chr18:60700443:60700643:1	chr10:40726926:40727065:-1
chr18:60700443:60700643:1	chr10:40728493:40728576:-1
chr18:60700443:60700643:1	chr10:40733543:40733672:-1
chr18:60700443:60700643:1	chr17:29471224:29471292:-1
chr18:60699425:60699597:1	chr10:40725741:40725837:-1
chr18:60699425:60699597:1	chr10:40726926:40727065:-1
chr18:60699425:60699597:1	chr10:40728493:40728576:-1
chr18:60699425:60699597:1	chr10:40733543:40733672:-1
chr10:61270697:61270882:-1	chr3:138259343:138259482:1
chr10:61270697:61270882:-1	chr3:138256024:138256087:1
chr10:61270697:61270882:-1	chr3:138252082:138252188:1
chr10:61270697:61270882:-1	chr3:138256654:138256767:1
chr10:61270697:61270882:-1	chr3:138253420:138253515:1
chr1:71647063:71647179:-1	chr5:121302558:121302750:-1
chr1:71647063:71647179:-1	chr5:121301201:121301317:-1
chrX:104918166:104921179:-1	chr17:32443058:32443196:-1
chrX:104918166:104921179:-1	chr17:32444550:32444687:-1
chr19:10510184:10510287:1	chr8:94758930:94759130:-1
chr19:10510184:10510287:1	chr8:94749297:94749517:-1
chr15:81755367:81755390:-1	chr8:111568403:111568575:-1
chr19:5695353:5695433:1	chr17:32443058:32443196:-1
chr19:5695353:5695433:1	chr17:32444550:32444687:-1
chr13:97322076:97322177:-1	chr9:59465317:59465418:1
chr13:97322076:97322177:-1	chr9:59470150:59470333:1
chr13:97322076:97322177:-1	chr9:59464571:59464681:1
chr17:45737446:45737607:-1	chr16:16912747:16912907:-1
chr15:101617311:101617531:-1	chr11:100094934:100095154:-1
chr15:101617311:101617531:-1	chr11:100095250:100095375:-1
chr11:52008814:52008987:1	chr12:110510509:110510619:1
chr11:52003947:52004156:1	chr12:110510509:110510619:1
chr11:52011760:52011878:1	chr12:110510509:110510619:1
chr10:39697102:39701254:1	chr4:148227443:148227514:1
chr10:39697102:39701254:1	chr4:148229561:148229653:1
chr11:17144669:17144853:1	chr14:20581012:20581136:-1
chr11:17144669:17144853:1	chr3:136574363:136574487:1
chr11:17144669:17144853:1	chr3:136583391:136583536:1
chr11:17144669:17144853:1	chr14:20565591:20565668:-1
chr11:17144669:17144853:1	chr14:20574425:20574570:-1
chr11:17144669:17144853:1	chr14:20570622:20570747:-1
chr11:17144669:17144853:1	chr3:136608864:136608989:1
chr11:17144669:17144853:1	chr14:20581728:20581928:-1
chr11:17144669:17144853:1	chr3:136503487:136503687:1
chr11:17142957:17143133:1	chr3:136583391:136583536:1
chr11:17142957:17143133:1	chr14:20565591:20565668:-1
chr11:17142957:17143133:1	chr14:20574425:20574570:-1
chr11:17142957:17143133:1	chr14:20570622:20570747:-1
chr11:17142957:17143133:1	chr3:136608864:136608989:1
chr11:17142957:17143133:1	chr14:20581728:20581928:-1
chr11:17142957:17143133:1	chr3:136503487:136503687:1
chr9:115960613:115960781:-1	chr1:186361080:186361233:-1
chr4:47383749:47383994:1	chr9:115958884:115959074:-1
chr4:47383749:47383994:1	chr9:115960613:115960781:-1
chr7:113873047:113873150:-1	chr11:30824118:30824280:1
chr7:113873047:113873150:-1	chr11:30826746:30826879:1
chr7:113873047:113873150:-1	chr11:30761978:30762164:1
chr7:113873261:113873362:-1	chr11:30824118:30824280:1
chr7:113873261:113873362:-1	chr11:30826746:30826879:1
chr7:113873261:113873362:-1	chr11:30761978:30762164:1
chr7:113866356:113866435:-1	chr11:30824118:30824280:1
chr7:113866356:113866435:-1	chr11:30826746:30826879:1
chr7:113866356:113866435:-1	chr11:30761978:30762164:1
chr8:26050736:26050859:1	chr3:37450334:37450437:1
chr9:20834062:20834213:-1	chr11:29496703:29496788:-1
chr9:20834062:20834213:-1	chr11:29496291:29496422:-1
chr9:20834998:20835090:-1	chr11:29496703:29496788:-1
chr9:20834998:20835090:-1	chr11:29497206:29497260:-1
chr9:20834998:20835090:-1	chr11:29496291:29496422:-1
chr3:96467524:96467675:1	chr2:27160140:27160227:-1
chr3:96467524:96467675:1	chr2:27161787:27161903:-1
chr3:96467524:96467675:1	chr2:27158911:27159034:-1
chr3:96467524:96467675:1	chr5:121310044:121310166:-1
chr3:96467524:96467675:1	chr5:121305912:121306106:-1
chr5:125161945:125162123:-1	chr18:38074761:38074819:-1
chr5:125161945:125162123:-1	chr18:38087735:38087817:-1
chr5:125161945:125162123:-1	chr18:38085524:38085666:-1
chr5:125161945:125162123:-1	chr18:38074432:38074606:-1
chr5:125161945:125162123:-1	chr18:38074931:38075020:-1
chr5:125161945:125162123:-1	chr18:38078747:38078828:-1
chr7:113873651:113873695:-1	chr9:54859625:54859667:1
chr7:113873651:113873695:-1	chr11:30824118:30824280:1
chr7:113873651:113873695:-1	chr11:30826746:30826879:1
chr7:113873651:113873695:-1	chr11:30760783:30761048:1
chr7:113873651:113873695:-1	chr11:30761978:30762164:1
chr3:137570894:137570971:1	chr3:95025536:95025688:1
chr3:137570894:137570971:1	chr17:32439135:32439263:-1
chr11:52134442:52134585:1	chr11:32661772:32661997:1
chr11:52134442:52134585:1	chr11:32672055:32672145:1
chr11:52134442:52134585:1	chr11:32670472:32670658:1
	chr13:99000936:99000996:-1
	chr13:99006748:99006829:-1
	chr13:99015128:99015234:-1
	chr13:99003554:99003676:-1
	chr13:99012112:99012245:-1
	chr13:99027185:99027298:-1
	chr13:99021023:99021172:-1
	chr13:99001477:99001595:-1
	chr13:98997149:98997301:-1
	chr13:98991651:98991738:-1
	chr13:98993397:98993483:-1
	chr13:99000216:99000384:-1
chr5:129099067:129099254:1	chr11:97078215:97078273:-1
chr5:129099067:129099254:1	chr11:97069694:97069753:-1
chr5:129099067:129099254:1	chr13:99000936:99000996:-1
chr5:129099067:129099254:1	chr13:99006748:99006829:-1
chr5:129099067:129099254:1	chr13:99015128:99015234:-1
chr5:129099067:129099254:1	chr13:99003554:99003676:-1
chr5:129099067:129099254:1	chr13:99012112:99012245:-1
chr5:129099067:129099254:1	chr13:99027185:99027298:-1
chr5:129099067:129099254:1	chr13:99021023:99021172:-1
chr5:129099067:129099254:1	chr13:99001477:99001595:-1
chr5:129099067:129099254:1	chr13:98997149:98997301:-1
chr5:129099067:129099254:1	chr13:98991651:98991738:-1
chr5:129099067:129099254:1	chr13:98993397:98993483:-1
chr5:129099067:129099254:1	chr13:99000216:99000384:-1
chr5:129099067:129099254:1	chr11:97075753:97075935:-1
chr5:129099067:129099254:1	chr11:97068072:97068182:-1
chr5:129099067:129099254:1	chr11:97071270:97071422:-1
chr5:129099067:129099254:1	chr11:97072451:97072651:-1
chr5:129099067:129099254:1	chr11:97069096:97069185:-1
chr5:129097930:129098055:1	chr11:97078215:97078273:-1
chr5:129097930:129098055:1	chr11:97069694:97069753:-1
chr5:129097930:129098055:1	chr13:99000936:99000996:-1
chr5:129097930:129098055:1	chr13:99006748:99006829:-1
chr5:129097930:129098055:1	chr13:99015128:99015234:-1
chr5:129097930:129098055:1	chr13:99003554:99003676:-1
chr5:129097930:129098055:1	chr13:99012112:99012245:-1
chr5:129097930:129098055:1	chr13:99027185:99027298:-1
chr5:129097930:129098055:1	chr13:99021023:99021172:-1
chr5:129097930:129098055:1	chr13:99001477:99001595:-1
chr5:129097930:129098055:1	chr13:98997149:98997301:-1
chr5:129097930:129098055:1	chr13:98991651:98991738:-1
chr5:129097930:129098055:1	chr13:98993397:98993483:-1
chr5:129097930:129098055:1	chr13:99000216:99000384:-1
chr5:129097930:129098055:1	chr11:97075753:97075935:-1
chr5:129097930:129098055:1	chr11:97068072:97068182:-1
chr5:129097930:129098055:1	chr11:97071270:97071422:-1
chr5:129097930:129098055:1	chr11:97072451:97072651:-1
chr5:129097930:129098055:1	chr11:97069096:97069185:-1
chr4:132065042:132065221:-1	
chr4:132065042:132065221:-1	chr5:129099067:129099254:1
chr4:132065042:132065221:-1	chr5:129097930:129098055:1
chr4:132065362:132065549:-1	
chr4:132065362:132065549:-1	chr5:129099067:129099254:1
chr4:132065362:132065549:-1	chr5:129097930:129098055:1
chr4:132063028:132063124:-1	
chr4:132063028:132063124:-1	chr5:129099067:129099254:1
chr4:132063028:132063124:-1	chr5:129097930:129098055:1
chr4:132062056:132062211:-1	
chr4:132062056:132062211:-1	chr5:129099067:129099254:1
chr4:132062056:132062211:-1	chr5:129097930:129098055:1
chr4:132062730:132062852:-1	
chr4:132062730:132062852:-1	chr5:129099067:129099254:1
chr4:132062730:132062852:-1	chr5:129097930:129098055:1
chr4:132061796:132061915:-1	
chr4:132061796:132061915:-1	chr5:129099067:129099254:1
chr4:132061796:132061915:-1	chr5:129097930:129098055:1
chr4:132061418:132061570:-1	
chr4:132061418:132061570:-1	chr5:129099067:129099254:1
chr4:132061418:132061570:-1	chr5:129097930:129098055:1
chr2:151384738:151384785:1	chr3:141563165:141563357:-1
chr2:151384738:151384785:1	chr3:141562110:141562407:-1
chr3:97821816:97821970:1	chr12:59048605:59048841:-1
chr3:97821816:97821970:1	chr12:59043922:59044066:-1
chr11:17144217:17144276:1	chr14:20574425:20574570:-1
chr11:17144217:17144276:1	chr14:20570622:20570747:-1
chr11:17144217:17144276:1	chr3:136608864:136608989:1
chr11:17144217:17144276:1	chr14:20581728:20581928:-1
chr11:17144217:17144276:1	chr3:136503487:136503687:1
chr11:21963484:21963557:-1	chr8:72922271:72922331:1
chr11:21963484:21963557:-1	chr8:72925084:72925144:1
chr7:127580583:127580731:1	chr13:98985663:98985762:-1
chr7:127580583:127580731:1	chr13:98989363:98989458:-1
chr7:127580583:127580731:1	chr13:98996271:98996496:-1
chr7:127580583:127580731:1	chr13:98989908:98990006:-1
chr7:127580583:127580731:1	chr13:98986616:98986691:-1
chr7:127580583:127580731:1	chr13:98997149:98997301:-1
chr7:127580583:127580731:1	chr13:98991651:98991738:-1
chr7:127580583:127580731:1	chr13:98993397:98993483:-1
chr7:127580583:127580731:1	chr13:99000216:99000384:-1
chr7:127580583:127580731:1	chr13:98994894:98995065:-1
chr3:97819895:97820055:1	chr12:59048605:59048841:-1
chr3:97819895:97820055:1	chr12:59043922:59044066:-1
chr12:111076215:111076444:1	chr4:136285809:136285882:-1
chr12:111076215:111076444:1	chr4:136286484:136286618:-1
chr12:111076215:111076444:1	chr4:136288329:136288471:-1
chr12:111076215:111076444:1	chr4:136287634:136287724:-1
chr1:38092697:38092799:-1	chr4:148229561:148229653:1
chr1:38092697:38092799:-1	chr4:148228721:148228815:1
chr7:113868956:113869085:-1	chr11:30824118:30824280:1
chr7:113868956:113869085:-1	chr11:30826746:30826879:1
chr7:113868956:113869085:-1	chr11:30761978:30762164:1
chr5:65723332:65723425:1	chr17:25483740:25483819:-1
chr5:65723332:65723425:1	chr17:25484093:25484228:-1
chr5:65723332:65723425:1	
chr5:65723332:65723425:1	
chr7:33845630:33845726:-1	
chr7:33845630:33845726:-1	
chr7:33845630:33845726:-1	
chr10:58319719:58319805:1	chr17:25483740:25483819:-1
chr10:58319719:58319805:1	
chr10:58319719:58319805:1	chr17:25484093:25484228:-1
chr10:58319719:58319805:1	
chr10:58319719:58319805:1	
chr15:81589861:81589949:-1	chr17:25483740:25483819:-1
chr15:81589861:81589949:-1	chr17:25484093:25484228:-1
chr15:81589861:81589949:-1	
chr15:81589654:81589775:-1	chr17:25483740:25483819:-1
chr15:81589654:81589775:-1	chr17:25484093:25484228:-1
chr15:81589654:81589775:-1	
chr12:111070045:111070239:1	chr4:136285809:136285882:-1
chr12:111070045:111070239:1	chr4:136286484:136286618:-1
chr12:111070045:111070239:1	chr4:136288329:136288471:-1
chr12:111070045:111070239:1	chr4:136287634:136287724:-1
chr11:21957083:21957197:-1	chr8:72922271:72922331:1
chr11:21957083:21957197:-1	chr8:72925084:72925144:1
